REGION,TECHNOLOGY,YEAR,VALUE,absolute_production
REGION1,DKELRENEW,2015,0.6694,66.84
REGION1,DKELRENEW,2016,0.6324,66.84
REGION1,DKELRENEW,2017,0.6474,66.79
REGION1,DKELRENEW,2018,0.834,66.84
REGION1,DKELRENEW,2019,0.8678,66.84
REGION1,DKELRENEW,2020,0.9029,66.84
REGION1,DKELRENEW,2021,0.8332,66.84
REGION1,DKELRENEW,2022,0.7589,75.59
REGION1,DKELRENEW,2023,0.8521,71.47
REGION1,DKELRENEW,2024,0.9917,73.15
REGION1,DKELRENEW,2025,0.9921,76.65
REGION1,DKELRENEW,2026,1.0,78.14
REGION1,DKELRENEW,2027,1.0,84.43
REGION1,DKELRENEW,2028,1.0,84.49
REGION1,DKELRENEW,2029,1.0,86.63
REGION1,DKELRENEW,2030,1.0,93.0
REGION1,DKELRENEW,2031,1.0,93.98
REGION1,DKELRENEW,2032,1.0,99.92
REGION1,DKELRENEW,2033,1.0,105.73
REGION1,DKELRENEW,2034,1.0,112.86
REGION1,DKELRENEW,2035,1.0,122.23
REGION1,DKELRENEW,2036,1.0,130.76
REGION1,DKELRENEW,2037,1.0,137.75
REGION1,DKELRENEW,2038,1.0,143.64
REGION1,DKELRENEW,2039,1.0,156.95
REGION1,DKELRENEW,2040,1.0,167.45
REGION1,DKELRENEW,2041,1.0,183.87
REGION1,DKELRENEW,2042,1.0,192.99
REGION1,DKELRENEW,2043,1.0,214.81
REGION1,DKELRENEW,2044,1.0,217.87
REGION1,DKELRENEW,2045,1.0,229.48
REGION1,DKELRENEW,2046,1.0,229.83
REGION1,DKELRENEW,2047,1.0,230.17
REGION1,DKELRENEW,2048,1.0,230.51
REGION1,DKELRENEW,2049,1.0,230.86
REGION1,DKELRENEW,2050,1.0,230.87
REGION1,DKELRENEW,2051,1.0,231.54
REGION1,DKELRENEW,2052,1.0,231.85
REGION1,DKELRENEW,2053,1.0,232.16
REGION1,DKELRENEW,2054,1.0,232.22
REGION1,DKELRENEW,2055,1.0,226.45
REGION1,DKELRENEW,2056,1.0,225.74
REGION1,DKELRENEW,2057,1.0,219.6
REGION1,DKELRENEW,2058,1.0,213.94
REGION1,DKELRENEW,2059,1.0,216.53
REGION1,DKELRENEW,2060,1.0,221.18
REGION1,ELRENEW,2015,0.9336,1277.28
REGION1,ELRENEW,2016,0.9363,1297.62
REGION1,ELRENEW,2017,0.94,1304.1
REGION1,ELRENEW,2018,0.9694,1362.67
REGION1,ELRENEW,2019,0.9707,1348.31
REGION1,ELRENEW,2020,0.9718,1338.51
REGION1,ELRENEW,2021,0.9602,1362.12
REGION1,ELRENEW,2022,0.9494,1476.9
REGION1,ELRENEW,2023,0.9592,1500.54
REGION1,ELRENEW,2024,0.9792,1553.61
REGION1,ELRENEW,2025,0.9829,1596.1
REGION1,ELRENEW,2026,0.9874,1635.29
REGION1,ELRENEW,2027,0.9879,1679.01
REGION1,ELRENEW,2028,0.9895,1734.8
REGION1,ELRENEW,2029,0.9961,1769.76
REGION1,ELRENEW,2030,0.9937,1815.52
REGION1,ELRENEW,2031,1.0,1873.03
REGION1,ELRENEW,2032,1.0,1935.5
REGION1,ELRENEW,2033,0.9994,2018.46
REGION1,ELRENEW,2034,0.9971,2088.55
REGION1,ELRENEW,2035,1.0,2145.58
REGION1,ELRENEW,2036,1.0,2192.78
REGION1,ELRENEW,2037,1.0,2243.92
REGION1,ELRENEW,2038,1.0,2290.57
REGION1,ELRENEW,2039,1.0,2341.73
REGION1,ELRENEW,2040,1.0,2391.25
REGION1,ELRENEW,2041,1.0,2421.94
REGION1,ELRENEW,2042,1.0,2485.5
REGION1,ELRENEW,2043,1.0,2526.38
REGION1,ELRENEW,2044,1.0,2565.49
REGION1,ELRENEW,2045,1.0,2598.41
REGION1,ELRENEW,2046,1.0,2662.77
REGION1,ELRENEW,2047,1.0,2706.51
REGION1,ELRENEW,2048,1.0,2749.3
REGION1,ELRENEW,2049,1.0,2792.94
REGION1,ELRENEW,2050,1.0,2835.84
REGION1,ELRENEW,2051,1.0,2827.52
REGION1,ELRENEW,2052,1.0,2840.81
REGION1,ELRENEW,2053,1.0,2847.06
REGION1,ELRENEW,2054,1.0,2868.29
REGION1,ELRENEW,2055,1.0,2871.25
REGION1,ELRENEW,2056,1.0,2859.36
REGION1,ELRENEW,2057,1.0,2854.87
REGION1,ELRENEW,2058,1.0,2869.62
REGION1,ELRENEW,2059,1.0,2883.66
REGION1,ELRENEW,2060,1.0,2898.31
REGION1,FIELRENEW,2015,0.7654,177.28
REGION1,FIELRENEW,2016,0.7929,177.21
REGION1,FIELRENEW,2017,0.8006,177.01
REGION1,FIELRENEW,2018,0.8891,218.4
REGION1,FIELRENEW,2019,0.884,217.17
REGION1,FIELRENEW,2020,0.8783,216.98
REGION1,FIELRENEW,2021,0.8355,218.35
REGION1,FIELRENEW,2022,0.8495,244.09
REGION1,FIELRENEW,2023,0.8647,254.6
REGION1,FIELRENEW,2024,0.9351,300.7
REGION1,FIELRENEW,2025,0.9531,316.33
REGION1,FIELRENEW,2026,0.971,331.6
REGION1,FIELRENEW,2027,0.9727,339.3
REGION1,FIELRENEW,2028,0.9814,362.36
REGION1,FIELRENEW,2029,0.981,356.13
REGION1,FIELRENEW,2030,1.0,389.76
REGION1,FIELRENEW,2031,1.0,401.09
REGION1,FIELRENEW,2032,1.0,404.79
REGION1,FIELRENEW,2033,1.0,435.55
REGION1,FIELRENEW,2034,1.0,451.12
REGION1,FIELRENEW,2035,1.0,458.34
REGION1,FIELRENEW,2036,1.0,460.75
REGION1,FIELRENEW,2037,1.0,464.48
REGION1,FIELRENEW,2038,1.0,474.93
REGION1,FIELRENEW,2039,1.0,479.62
REGION1,FIELRENEW,2040,1.0,482.01
REGION1,FIELRENEW,2041,1.0,485.37
REGION1,FIELRENEW,2042,1.0,488.41
REGION1,FIELRENEW,2043,1.0,491.7
REGION1,FIELRENEW,2044,1.0,495.01
REGION1,FIELRENEW,2045,1.0,516.04
REGION1,FIELRENEW,2046,1.0,530.9
REGION1,FIELRENEW,2047,1.0,538.4
REGION1,FIELRENEW,2048,1.0,551.53
REGION1,FIELRENEW,2049,1.0,557.21
REGION1,FIELRENEW,2050,1.0,562.6
REGION1,FIELRENEW,2051,1.0,563.0
REGION1,FIELRENEW,2052,1.0,563.77
REGION1,FIELRENEW,2053,1.0,563.73
REGION1,FIELRENEW,2054,1.0,563.64
REGION1,FIELRENEW,2055,1.0,563.55
REGION1,FIELRENEW,2056,1.0,563.47
REGION1,FIELRENEW,2057,1.0,563.1
REGION1,FIELRENEW,2058,1.0,562.55
REGION1,FIELRENEW,2059,1.0,562.18
REGION1,FIELRENEW,2060,1.0,561.81
REGION1,NOELRENEW,2015,0.9999,474.38
REGION1,NOELRENEW,2016,0.9999,473.27
REGION1,NOELRENEW,2017,0.9999,469.2
REGION1,NOELRENEW,2018,0.9999,476.14
REGION1,NOELRENEW,2019,1.0,487.3
REGION1,NOELRENEW,2020,1.0,501.27
REGION1,NOELRENEW,2021,1.0,519.15
REGION1,NOELRENEW,2022,0.979,536.92
REGION1,NOELRENEW,2023,0.9796,554.68
REGION1,NOELRENEW,2024,0.9805,579.01
REGION1,NOELRENEW,2025,0.9812,603.19
REGION1,NOELRENEW,2026,0.983,626.65
REGION1,NOELRENEW,2027,0.9834,656.36
REGION1,NOELRENEW,2028,0.9834,683.58
REGION1,NOELRENEW,2029,1.0,709.97
REGION1,NOELRENEW,2030,0.9848,745.9
REGION1,NOELRENEW,2031,1.0,780.72
REGION1,NOELRENEW,2032,0.9999,816.93
REGION1,NOELRENEW,2033,0.9986,847.72
REGION1,NOELRENEW,2034,0.9931,880.46
REGION1,NOELRENEW,2035,1.0,909.73
REGION1,NOELRENEW,2036,1.0,930.95
REGION1,NOELRENEW,2037,1.0,956.31
REGION1,NOELRENEW,2038,1.0,972.62
REGION1,NOELRENEW,2039,1.0,992.33
REGION1,NOELRENEW,2040,1.0,1012.57
REGION1,NOELRENEW,2041,1.0,1026.54
REGION1,NOELRENEW,2042,1.0,1055.05
REGION1,NOELRENEW,2043,1.0,1071.95
REGION1,NOELRENEW,2044,1.0,1081.09
REGION1,NOELRENEW,2045,1.0,1088.03
REGION1,NOELRENEW,2046,1.0,1109.36
REGION1,NOELRENEW,2047,1.0,1117.54
REGION1,NOELRENEW,2048,1.0,1126.81
REGION1,NOELRENEW,2049,1.0,1133.02
REGION1,NOELRENEW,2050,1.0,1145.94
REGION1,NOELRENEW,2051,1.0,1135.09
REGION1,NOELRENEW,2052,1.0,1143.28
REGION1,NOELRENEW,2053,1.0,1142.83
REGION1,NOELRENEW,2054,1.0,1149.07
REGION1,NOELRENEW,2055,1.0,1147.07
REGION1,NOELRENEW,2056,1.0,1138.26
REGION1,NOELRENEW,2057,1.0,1126.47
REGION1,NOELRENEW,2058,1.0,1133.6
REGION1,NOELRENEW,2059,1.0,1139.88
REGION1,NOELRENEW,2060,1.0,1146.63
REGION1,SEELRENEW,2015,0.9939,558.79
REGION1,SEELRENEW,2016,0.9947,580.29
REGION1,SEELRENEW,2017,0.9954,591.1
REGION1,SEELRENEW,2018,0.9961,601.29
REGION1,SEELRENEW,2019,0.9965,577.0
REGION1,SEELRENEW,2020,0.9971,553.41
REGION1,SEELRENEW,2021,1.0,557.78
REGION1,SEELRENEW,2022,1.0,620.29
REGION1,SEELRENEW,2023,1.0,619.79
REGION1,SEELRENEW,2024,1.0,600.75
REGION1,SEELRENEW,2025,1.0,599.93
REGION1,SEELRENEW,2026,1.0,598.9
REGION1,SEELRENEW,2027,1.0,598.93
REGION1,SEELRENEW,2028,1.0,604.37
REGION1,SEELRENEW,2029,1.0,617.03
REGION1,SEELRENEW,2030,1.0,586.86
REGION1,SEELRENEW,2031,1.0,597.25
REGION1,SEELRENEW,2032,1.0,613.86
REGION1,SEELRENEW,2033,1.0,629.46
REGION1,SEELRENEW,2034,1.0,644.11
REGION1,SEELRENEW,2035,1.0,655.28
REGION1,SEELRENEW,2036,1.0,670.31
REGION1,SEELRENEW,2037,1.0,685.37
REGION1,SEELRENEW,2038,1.0,699.37
REGION1,SEELRENEW,2039,1.0,712.82
REGION1,SEELRENEW,2040,1.0,729.22
REGION1,SEELRENEW,2041,1.0,726.16
REGION1,SEELRENEW,2042,1.0,749.05
REGION1,SEELRENEW,2043,1.0,747.91
REGION1,SEELRENEW,2044,1.0,771.52
REGION1,SEELRENEW,2045,1.0,764.85
REGION1,SEELRENEW,2046,1.0,792.68
REGION1,SEELRENEW,2047,1.0,820.4
REGION1,SEELRENEW,2048,1.0,840.45
REGION1,SEELRENEW,2049,1.0,871.86
REGION1,SEELRENEW,2050,1.0,896.43
REGION1,SEELRENEW,2051,1.0,897.89
REGION1,SEELRENEW,2052,1.0,901.91
REGION1,SEELRENEW,2053,1.0,908.34
REGION1,SEELRENEW,2054,1.0,923.36
REGION1,SEELRENEW,2055,1.0,934.19
REGION1,SEELRENEW,2056,1.0,931.9
REGION1,SEELRENEW,2057,1.0,945.7
REGION1,SEELRENEW,2058,1.0,959.54
REGION1,SEELRENEW,2059,1.0,965.07
REGION1,SEELRENEW,2060,1.0,968.7
REGION1,BG,2015,0.0,0.0
REGION1,BG,2016,0.0,0.0
REGION1,BG,2017,0.0,0.0
REGION1,BG,2018,0.0,0.0
REGION1,BG,2019,0.0,0.0
REGION1,BG,2020,0.0,0.0
REGION1,BG,2021,0.0,0.0
REGION1,BG,2022,0.0,0.0
REGION1,BG,2023,0.0,0.0
REGION1,BG,2024,0.0,0.0
REGION1,BG,2025,0.0,0.0
REGION1,BG,2026,0.0,0.0
REGION1,BG,2027,0.0,0.0
REGION1,BG,2028,0.0,0.0
REGION1,BG,2029,0.0,0.0
REGION1,BG,2030,0.0,0.0
REGION1,BG,2031,0.0,0.0
REGION1,BG,2032,0.0,0.0
REGION1,BG,2033,0.0,0.0
REGION1,BG,2034,0.0,0.0
REGION1,BG,2035,0.0,0.0
REGION1,BG,2036,0.0,0.0
REGION1,BG,2037,0.0,0.0
REGION1,BG,2038,0.0,0.0
REGION1,BG,2039,0.0,0.0
REGION1,BG,2040,0.0,0.0
REGION1,BG,2041,0.0,0.0
REGION1,BG,2042,0.0,0.0
REGION1,BG,2043,0.0,0.0
REGION1,BG,2044,0.0,0.0
REGION1,BG,2045,0.0,0.0
REGION1,BG,2046,0.0,0.0
REGION1,BG,2047,0.0,0.0
REGION1,BG,2048,0.0,0.0
REGION1,BG,2049,0.0,0.0
REGION1,BG,2050,0.0,0.0
REGION1,BG,2051,0.0,0.0
REGION1,BG,2052,0.0,0.0
REGION1,BG,2053,0.0,0.0
REGION1,BG,2054,0.0,0.0
REGION1,BG,2055,0.0,0.0
REGION1,BG,2056,0.0,0.0
REGION1,BG,2057,0.0,0.0
REGION1,BG,2058,0.0,0.0
REGION1,BG,2059,0.0,0.0
REGION1,BG,2060,0.0,0.0
REGION1,DKBG,2015,0.0,0.0
REGION1,DKBG,2016,0.0,0.0
REGION1,DKBG,2017,0.0,0.0
REGION1,DKBG,2018,0.0,0.0
REGION1,DKBG,2019,0.0,0.0
REGION1,DKBG,2020,0.0,0.0
REGION1,DKBG,2021,0.0,0.0
REGION1,DKBG,2022,0.0,0.0
REGION1,DKBG,2023,0.0,0.0
REGION1,DKBG,2024,0.0,0.0
REGION1,DKBG,2025,0.0,0.0
REGION1,DKBG,2026,0.0,0.0
REGION1,DKBG,2027,0.0,0.0
REGION1,DKBG,2028,0.0,0.0
REGION1,DKBG,2029,0.0,0.0
REGION1,DKBG,2030,0.0,0.0
REGION1,DKBG,2031,0.0,0.0
REGION1,DKBG,2032,0.0,0.0
REGION1,DKBG,2033,0.0,0.0
REGION1,DKBG,2034,0.0,0.0
REGION1,DKBG,2035,0.0,0.0
REGION1,DKBG,2036,0.0,0.0
REGION1,DKBG,2037,0.0,0.0
REGION1,DKBG,2038,0.0,0.0
REGION1,DKBG,2039,0.0,0.0
REGION1,DKBG,2040,0.0,0.0
REGION1,DKBG,2041,0.0,0.0
REGION1,DKBG,2042,0.0,0.0
REGION1,DKBG,2043,0.0,0.0
REGION1,DKBG,2044,0.0,0.0
REGION1,DKBG,2045,0.0,0.0
REGION1,DKBG,2046,0.0,0.0
REGION1,DKBG,2047,0.0,0.0
REGION1,DKBG,2048,0.0,0.0
REGION1,DKBG,2049,0.0,0.0
REGION1,DKBG,2050,0.0,0.0
REGION1,DKBG,2051,0.0,0.0
REGION1,DKBG,2052,0.0,0.0
REGION1,DKBG,2053,0.0,0.0
REGION1,DKBG,2054,0.0,0.0
REGION1,DKBG,2055,0.0,0.0
REGION1,DKBG,2056,0.0,0.0
REGION1,DKBG,2057,0.0,0.0
REGION1,DKBG,2058,0.0,0.0
REGION1,DKBG,2059,0.0,0.0
REGION1,DKBG,2060,0.0,0.0
REGION1,FIBG,2015,0.0,0.0
REGION1,FIBG,2016,0.0,0.0
REGION1,FIBG,2017,0.0,0.0
REGION1,FIBG,2018,0.0,0.0
REGION1,FIBG,2019,0.0,0.0
REGION1,FIBG,2020,0.0,0.0
REGION1,FIBG,2021,0.0,0.0
REGION1,FIBG,2022,0.0,0.0
REGION1,FIBG,2023,0.0,0.0
REGION1,FIBG,2024,0.0,0.0
REGION1,FIBG,2025,0.0,0.0
REGION1,FIBG,2026,0.0,0.0
REGION1,FIBG,2027,0.0,0.0
REGION1,FIBG,2028,0.0,0.0
REGION1,FIBG,2029,0.0,0.0
REGION1,FIBG,2030,0.0,0.0
REGION1,FIBG,2031,0.0,0.0
REGION1,FIBG,2032,0.0,0.0
REGION1,FIBG,2033,0.0,0.0
REGION1,FIBG,2034,0.0,0.0
REGION1,FIBG,2035,0.0,0.0
REGION1,FIBG,2036,0.0,0.0
REGION1,FIBG,2037,0.0,0.0
REGION1,FIBG,2038,0.0,0.0
REGION1,FIBG,2039,0.0,0.0
REGION1,FIBG,2040,0.0,0.0
REGION1,FIBG,2041,0.0,0.0
REGION1,FIBG,2042,0.0,0.0
REGION1,FIBG,2043,0.0,0.0
REGION1,FIBG,2044,0.0,0.0
REGION1,FIBG,2045,0.0,0.0
REGION1,FIBG,2046,0.0,0.0
REGION1,FIBG,2047,0.0,0.0
REGION1,FIBG,2048,0.0,0.0
REGION1,FIBG,2049,0.0,0.0
REGION1,FIBG,2050,0.0,0.0
REGION1,FIBG,2051,0.0,0.0
REGION1,FIBG,2052,0.0,0.0
REGION1,FIBG,2053,0.0,0.0
REGION1,FIBG,2054,0.0,0.0
REGION1,FIBG,2055,0.0,0.0
REGION1,FIBG,2056,0.0,0.0
REGION1,FIBG,2057,0.0,0.0
REGION1,FIBG,2058,0.0,0.0
REGION1,FIBG,2059,0.0,0.0
REGION1,FIBG,2060,0.0,0.0
REGION1,NOBG,2015,0.0,0.0
REGION1,NOBG,2016,0.0,0.0
REGION1,NOBG,2017,0.0,0.0
REGION1,NOBG,2018,0.0,0.0
REGION1,NOBG,2019,0.0,0.0
REGION1,NOBG,2020,0.0,0.0
REGION1,NOBG,2021,0.0,0.0
REGION1,NOBG,2022,0.0,0.0
REGION1,NOBG,2023,0.0,0.0
REGION1,NOBG,2024,0.0,0.0
REGION1,NOBG,2025,0.0,0.0
REGION1,NOBG,2026,0.0,0.0
REGION1,NOBG,2027,0.0,0.0
REGION1,NOBG,2028,0.0,0.0
REGION1,NOBG,2029,0.0,0.0
REGION1,NOBG,2030,0.0,0.0
REGION1,NOBG,2031,0.0,0.0
REGION1,NOBG,2032,0.0,0.0
REGION1,NOBG,2033,0.0,0.0
REGION1,NOBG,2034,0.0,0.0
REGION1,NOBG,2035,0.0,0.0
REGION1,NOBG,2036,0.0,0.0
REGION1,NOBG,2037,0.0,0.0
REGION1,NOBG,2038,0.0,0.0
REGION1,NOBG,2039,0.0,0.0
REGION1,NOBG,2040,0.0,0.0
REGION1,NOBG,2041,0.0,0.0
REGION1,NOBG,2042,0.0,0.0
REGION1,NOBG,2043,0.0,0.0
REGION1,NOBG,2044,0.0,0.0
REGION1,NOBG,2045,0.0,0.0
REGION1,NOBG,2046,0.0,0.0
REGION1,NOBG,2047,0.0,0.0
REGION1,NOBG,2048,0.0,0.0
REGION1,NOBG,2049,0.0,0.0
REGION1,NOBG,2050,0.0,0.0
REGION1,NOBG,2051,0.0,0.0
REGION1,NOBG,2052,0.0,0.0
REGION1,NOBG,2053,0.0,0.0
REGION1,NOBG,2054,0.0,0.0
REGION1,NOBG,2055,0.0,0.0
REGION1,NOBG,2056,0.0,0.0
REGION1,NOBG,2057,0.0,0.0
REGION1,NOBG,2058,0.0,0.0
REGION1,NOBG,2059,0.0,0.0
REGION1,NOBG,2060,0.0,0.0
REGION1,SEBG,2015,0.0,0.0
REGION1,SEBG,2016,0.0,0.0
REGION1,SEBG,2017,0.0,0.0
REGION1,SEBG,2018,0.0,0.0
REGION1,SEBG,2019,0.0,0.0
REGION1,SEBG,2020,0.0,0.0
REGION1,SEBG,2021,0.0,0.0
REGION1,SEBG,2022,0.0,0.0
REGION1,SEBG,2023,0.0,0.0
REGION1,SEBG,2024,0.0,0.0
REGION1,SEBG,2025,0.0,0.0
REGION1,SEBG,2026,0.0,0.0
REGION1,SEBG,2027,0.0,0.0
REGION1,SEBG,2028,0.0,0.0
REGION1,SEBG,2029,0.0,0.0
REGION1,SEBG,2030,0.0,0.0
REGION1,SEBG,2031,0.0,0.0
REGION1,SEBG,2032,0.0,0.0
REGION1,SEBG,2033,0.0,0.0
REGION1,SEBG,2034,0.0,0.0
REGION1,SEBG,2035,0.0,0.0
REGION1,SEBG,2036,0.0,0.0
REGION1,SEBG,2037,0.0,0.0
REGION1,SEBG,2038,0.0,0.0
REGION1,SEBG,2039,0.0,0.0
REGION1,SEBG,2040,0.0,0.0
REGION1,SEBG,2041,0.0,0.0
REGION1,SEBG,2042,0.0,0.0
REGION1,SEBG,2043,0.0,0.0
REGION1,SEBG,2044,0.0,0.0
REGION1,SEBG,2045,0.0,0.0
REGION1,SEBG,2046,0.0,0.0
REGION1,SEBG,2047,0.0,0.0
REGION1,SEBG,2048,0.0,0.0
REGION1,SEBG,2049,0.0,0.0
REGION1,SEBG,2050,0.0,0.0
REGION1,SEBG,2051,0.0,0.0
REGION1,SEBG,2052,0.0,0.0
REGION1,SEBG,2053,0.0,0.0
REGION1,SEBG,2054,0.0,0.0
REGION1,SEBG,2055,0.0,0.0
REGION1,SEBG,2056,0.0,0.0
REGION1,SEBG,2057,0.0,0.0
REGION1,SEBG,2058,0.0,0.0
REGION1,SEBG,2059,0.0,0.0
REGION1,SEBG,2060,0.0,0.0
REGION1,BC,2015,0.0,0.0
REGION1,BC,2016,0.0,0.0
REGION1,BC,2017,0.0,0.0
REGION1,BC,2018,0.0,0.0
REGION1,BC,2019,0.0,0.0
REGION1,BC,2020,0.0,0.0
REGION1,BC,2021,0.0,0.0
REGION1,BC,2022,0.0,0.0
REGION1,BC,2023,0.0,0.0
REGION1,BC,2024,0.0,0.0
REGION1,BC,2025,0.0,0.0
REGION1,BC,2026,0.0,0.0
REGION1,BC,2027,0.0,0.0
REGION1,BC,2028,0.0,0.0
REGION1,BC,2029,0.0,0.0
REGION1,BC,2030,0.0,0.0
REGION1,BC,2031,0.0,0.0
REGION1,BC,2032,0.0,0.0
REGION1,BC,2033,0.0,0.0
REGION1,BC,2034,0.0,0.0
REGION1,BC,2035,0.0,0.0
REGION1,BC,2036,0.0,0.0
REGION1,BC,2037,0.0,0.0
REGION1,BC,2038,0.0,0.0
REGION1,BC,2039,0.0,0.0
REGION1,BC,2040,0.0,0.0
REGION1,BC,2041,0.0,0.0
REGION1,BC,2042,0.0,0.0
REGION1,BC,2043,0.0,0.0
REGION1,BC,2044,0.0,0.0
REGION1,BC,2045,0.0,0.0
REGION1,BC,2046,0.0,0.0
REGION1,BC,2047,0.0,0.0
REGION1,BC,2048,0.0,0.0
REGION1,BC,2049,0.0,0.0
REGION1,BC,2050,0.0,0.0
REGION1,BC,2051,0.0,0.0
REGION1,BC,2052,0.0,0.0
REGION1,BC,2053,0.0,0.0
REGION1,BC,2054,0.0,0.0
REGION1,BC,2055,0.0,0.0
REGION1,BC,2056,0.0,0.0
REGION1,BC,2057,0.0,0.0
REGION1,BC,2058,0.0,0.0
REGION1,BC,2059,0.0,0.0
REGION1,BC,2060,0.0,0.0
REGION1,DKBC,2015,0.0,0.0
REGION1,DKBC,2016,0.0,0.0
REGION1,DKBC,2017,0.0,0.0
REGION1,DKBC,2018,0.0,0.0
REGION1,DKBC,2019,0.0,0.0
REGION1,DKBC,2020,0.0,0.0
REGION1,DKBC,2021,0.0,0.0
REGION1,DKBC,2022,0.0,0.0
REGION1,DKBC,2023,0.0,0.0
REGION1,DKBC,2024,0.0,0.0
REGION1,DKBC,2025,0.0,0.0
REGION1,DKBC,2026,0.0,0.0
REGION1,DKBC,2027,0.0,0.0
REGION1,DKBC,2028,0.0,0.0
REGION1,DKBC,2029,0.0,0.0
REGION1,DKBC,2030,0.0,0.0
REGION1,DKBC,2031,0.0,0.0
REGION1,DKBC,2032,0.0,0.0
REGION1,DKBC,2033,0.0,0.0
REGION1,DKBC,2034,0.0,0.0
REGION1,DKBC,2035,0.0,0.0
REGION1,DKBC,2036,0.0,0.0
REGION1,DKBC,2037,0.0,0.0
REGION1,DKBC,2038,0.0,0.0
REGION1,DKBC,2039,0.0,0.0
REGION1,DKBC,2040,0.0,0.0
REGION1,DKBC,2041,0.0,0.0
REGION1,DKBC,2042,0.0,0.0
REGION1,DKBC,2043,0.0,0.0
REGION1,DKBC,2044,0.0,0.0
REGION1,DKBC,2045,0.0,0.0
REGION1,DKBC,2046,0.0,0.0
REGION1,DKBC,2047,0.0,0.0
REGION1,DKBC,2048,0.0,0.0
REGION1,DKBC,2049,0.0,0.0
REGION1,DKBC,2050,0.0,0.0
REGION1,DKBC,2051,0.0,0.0
REGION1,DKBC,2052,0.0,0.0
REGION1,DKBC,2053,0.0,0.0
REGION1,DKBC,2054,0.0,0.0
REGION1,DKBC,2055,0.0,0.0
REGION1,DKBC,2056,0.0,0.0
REGION1,DKBC,2057,0.0,0.0
REGION1,DKBC,2058,0.0,0.0
REGION1,DKBC,2059,0.0,0.0
REGION1,DKBC,2060,0.0,0.0
REGION1,FIBC,2015,0.0,0.0
REGION1,FIBC,2016,0.0,0.0
REGION1,FIBC,2017,0.0,0.0
REGION1,FIBC,2018,0.0,0.0
REGION1,FIBC,2019,0.0,0.0
REGION1,FIBC,2020,0.0,0.0
REGION1,FIBC,2021,0.0,0.0
REGION1,FIBC,2022,0.0,0.0
REGION1,FIBC,2023,0.0,0.0
REGION1,FIBC,2024,0.0,0.0
REGION1,FIBC,2025,0.0,0.0
REGION1,FIBC,2026,0.0,0.0
REGION1,FIBC,2027,0.0,0.0
REGION1,FIBC,2028,0.0,0.0
REGION1,FIBC,2029,0.0,0.0
REGION1,FIBC,2030,0.0,0.0
REGION1,FIBC,2031,0.0,0.0
REGION1,FIBC,2032,0.0,0.0
REGION1,FIBC,2033,0.0,0.0
REGION1,FIBC,2034,0.0,0.0
REGION1,FIBC,2035,0.0,0.0
REGION1,FIBC,2036,0.0,0.0
REGION1,FIBC,2037,0.0,0.0
REGION1,FIBC,2038,0.0,0.0
REGION1,FIBC,2039,0.0,0.0
REGION1,FIBC,2040,0.0,0.0
REGION1,FIBC,2041,0.0,0.0
REGION1,FIBC,2042,0.0,0.0
REGION1,FIBC,2043,0.0,0.0
REGION1,FIBC,2044,0.0,0.0
REGION1,FIBC,2045,0.0,0.0
REGION1,FIBC,2046,0.0,0.0
REGION1,FIBC,2047,0.0,0.0
REGION1,FIBC,2048,0.0,0.0
REGION1,FIBC,2049,0.0,0.0
REGION1,FIBC,2050,0.0,0.0
REGION1,FIBC,2051,0.0,0.0
REGION1,FIBC,2052,0.0,0.0
REGION1,FIBC,2053,0.0,0.0
REGION1,FIBC,2054,0.0,0.0
REGION1,FIBC,2055,0.0,0.0
REGION1,FIBC,2056,0.0,0.0
REGION1,FIBC,2057,0.0,0.0
REGION1,FIBC,2058,0.0,0.0
REGION1,FIBC,2059,0.0,0.0
REGION1,FIBC,2060,0.0,0.0
REGION1,NOBC,2015,0.0,0.0
REGION1,NOBC,2016,0.0,0.0
REGION1,NOBC,2017,0.0,0.0
REGION1,NOBC,2018,0.0,0.0
REGION1,NOBC,2019,0.0,0.0
REGION1,NOBC,2020,0.0,0.0
REGION1,NOBC,2021,0.0,0.0
REGION1,NOBC,2022,0.0,0.0
REGION1,NOBC,2023,0.0,0.0
REGION1,NOBC,2024,0.0,0.0
REGION1,NOBC,2025,0.0,0.0
REGION1,NOBC,2026,0.0,0.0
REGION1,NOBC,2027,0.0,0.0
REGION1,NOBC,2028,0.0,0.0
REGION1,NOBC,2029,0.0,0.0
REGION1,NOBC,2030,0.0,0.0
REGION1,NOBC,2031,0.0,0.0
REGION1,NOBC,2032,0.0,0.0
REGION1,NOBC,2033,0.0,0.0
REGION1,NOBC,2034,0.0,0.0
REGION1,NOBC,2035,0.0,0.0
REGION1,NOBC,2036,0.0,0.0
REGION1,NOBC,2037,0.0,0.0
REGION1,NOBC,2038,0.0,0.0
REGION1,NOBC,2039,0.0,0.0
REGION1,NOBC,2040,0.0,0.0
REGION1,NOBC,2041,0.0,0.0
REGION1,NOBC,2042,0.0,0.0
REGION1,NOBC,2043,0.0,0.0
REGION1,NOBC,2044,0.0,0.0
REGION1,NOBC,2045,0.0,0.0
REGION1,NOBC,2046,0.0,0.0
REGION1,NOBC,2047,0.0,0.0
REGION1,NOBC,2048,0.0,0.0
REGION1,NOBC,2049,0.0,0.0
REGION1,NOBC,2050,0.0,0.0
REGION1,NOBC,2051,0.0,0.0
REGION1,NOBC,2052,0.0,0.0
REGION1,NOBC,2053,0.0,0.0
REGION1,NOBC,2054,0.0,0.0
REGION1,NOBC,2055,0.0,0.0
REGION1,NOBC,2056,0.0,0.0
REGION1,NOBC,2057,0.0,0.0
REGION1,NOBC,2058,0.0,0.0
REGION1,NOBC,2059,0.0,0.0
REGION1,NOBC,2060,0.0,0.0
REGION1,SEBC,2015,0.0,0.0
REGION1,SEBC,2016,0.0,0.0
REGION1,SEBC,2017,0.0,0.0
REGION1,SEBC,2018,0.0,0.0
REGION1,SEBC,2019,0.0,0.0
REGION1,SEBC,2020,0.0,0.0
REGION1,SEBC,2021,0.0,0.0
REGION1,SEBC,2022,0.0,0.0
REGION1,SEBC,2023,0.0,0.0
REGION1,SEBC,2024,0.0,0.0
REGION1,SEBC,2025,0.0,0.0
REGION1,SEBC,2026,0.0,0.0
REGION1,SEBC,2027,0.0,0.0
REGION1,SEBC,2028,0.0,0.0
REGION1,SEBC,2029,0.0,0.0
REGION1,SEBC,2030,0.0,0.0
REGION1,SEBC,2031,0.0,0.0
REGION1,SEBC,2032,0.0,0.0
REGION1,SEBC,2033,0.0,0.0
REGION1,SEBC,2034,0.0,0.0
REGION1,SEBC,2035,0.0,0.0
REGION1,SEBC,2036,0.0,0.0
REGION1,SEBC,2037,0.0,0.0
REGION1,SEBC,2038,0.0,0.0
REGION1,SEBC,2039,0.0,0.0
REGION1,SEBC,2040,0.0,0.0
REGION1,SEBC,2041,0.0,0.0
REGION1,SEBC,2042,0.0,0.0
REGION1,SEBC,2043,0.0,0.0
REGION1,SEBC,2044,0.0,0.0
REGION1,SEBC,2045,0.0,0.0
REGION1,SEBC,2046,0.0,0.0
REGION1,SEBC,2047,0.0,0.0
REGION1,SEBC,2048,0.0,0.0
REGION1,SEBC,2049,0.0,0.0
REGION1,SEBC,2050,0.0,0.0
REGION1,SEBC,2051,0.0,0.0
REGION1,SEBC,2052,0.0,0.0
REGION1,SEBC,2053,0.0,0.0
REGION1,SEBC,2054,0.0,0.0
REGION1,SEBC,2055,0.0,0.0
REGION1,SEBC,2056,0.0,0.0
REGION1,SEBC,2057,0.0,0.0
REGION1,SEBC,2058,0.0,0.0
REGION1,SEBC,2059,0.0,0.0
REGION1,SEBC,2060,0.0,0.0
REGION1,DKSR,2015,1.0,3.71
REGION1,DKSR,2016,1.0,3.68
REGION1,DKSR,2017,1.0,3.68
REGION1,DKSR,2018,1.0,3.68
REGION1,DKSR,2019,1.0,3.68
REGION1,DKSR,2020,1.0,3.68
REGION1,DKSR,2021,1.0,3.83
REGION1,DKSR,2022,1.0,3.95
REGION1,DKSR,2023,1.0,4.13
REGION1,DKSR,2024,1.0,4.25
REGION1,DKSR,2025,1.0,4.39
REGION1,DKSR,2026,1.0,4.53
REGION1,DKSR,2027,1.0,4.67
REGION1,DKSR,2028,1.0,4.81
REGION1,DKSR,2029,1.0,4.95
REGION1,DKSR,2030,1.0,5.1
REGION1,DKSR,2031,1.0,7.93
REGION1,DKSR,2032,1.0,10.76
REGION1,DKSR,2033,1.0,13.59
REGION1,DKSR,2034,1.0,16.42
REGION1,DKSR,2035,1.0,19.23
REGION1,DKSR,2036,1.0,22.07
REGION1,DKSR,2037,1.0,24.9
REGION1,DKSR,2038,1.0,27.72
REGION1,DKSR,2039,1.0,30.55
REGION1,DKSR,2040,1.0,33.38
REGION1,DKSR,2041,1.0,36.2
REGION1,DKSR,2042,1.0,39.03
REGION1,DKSR,2043,1.0,41.86
REGION1,DKSR,2044,1.0,44.7
REGION1,DKSR,2045,1.0,47.53
REGION1,DKSR,2046,1.0,50.36
REGION1,DKSR,2047,1.0,53.19
REGION1,DKSR,2048,1.0,56.03
REGION1,DKSR,2049,1.0,58.86
REGION1,DKSR,2050,1.0,61.69
REGION1,DKSR,2051,1.0,64.53
REGION1,DKSR,2052,1.0,67.36
REGION1,DKSR,2053,1.0,70.19
REGION1,DKSR,2054,1.0,73.02
REGION1,DKSR,2055,1.0,75.86
REGION1,DKSR,2056,1.0,78.69
REGION1,DKSR,2057,1.0,81.52
REGION1,DKSR,2058,1.0,84.35
REGION1,DKSR,2059,1.0,87.19
REGION1,DKSR,2060,1.0,90.02
REGION1,FISR,2015,1.0,18.14
REGION1,FISR,2016,1.0,18.14
REGION1,FISR,2017,1.0,18.14
REGION1,FISR,2018,1.0,18.14
REGION1,FISR,2019,1.0,18.14
REGION1,FISR,2020,1.0,18.14
REGION1,FISR,2021,1.0,18.75
REGION1,FISR,2022,1.0,19.35
REGION1,FISR,2023,1.0,19.96
REGION1,FISR,2024,1.0,20.56
REGION1,FISR,2025,1.0,21.17
REGION1,FISR,2026,1.0,21.77
REGION1,FISR,2027,1.0,22.38
REGION1,FISR,2028,1.0,22.98
REGION1,FISR,2029,1.0,23.59
REGION1,FISR,2030,1.0,24.19
REGION1,FISR,2031,1.0,24.8
REGION1,FISR,2032,1.0,25.4
REGION1,FISR,2033,1.0,26.01
REGION1,FISR,2034,1.0,26.61
REGION1,FISR,2035,1.0,27.22
REGION1,FISR,2036,1.0,27.82
REGION1,FISR,2037,1.0,28.43
REGION1,FISR,2038,1.0,29.03
REGION1,FISR,2039,1.0,29.64
REGION1,FISR,2040,1.0,30.24
REGION1,FISR,2041,1.0,30.85
REGION1,FISR,2042,1.0,31.45
REGION1,FISR,2043,1.0,32.06
REGION1,FISR,2044,1.0,32.66
REGION1,FISR,2045,1.0,33.27
REGION1,FISR,2046,1.0,33.87
REGION1,FISR,2047,1.0,34.48
REGION1,FISR,2048,1.0,35.08
REGION1,FISR,2049,1.0,35.69
REGION1,FISR,2050,1.0,36.29
REGION1,FISR,2051,1.0,36.89
REGION1,FISR,2052,1.0,37.5
REGION1,FISR,2053,1.0,38.1
REGION1,FISR,2054,1.0,38.71
REGION1,FISR,2055,0.9895,38.9
REGION1,FISR,2056,0.9793,39.09
REGION1,FISR,2057,0.9694,39.28
REGION1,FISR,2058,0.9598,39.48
REGION1,FISR,2059,0.9505,39.67
REGION1,FISR,2060,0.9414,39.86
REGION1,NOSR,2015,1.0,27.22
REGION1,NOSR,2016,1.0,27.22
REGION1,NOSR,2017,1.0,27.22
REGION1,NOSR,2018,1.0,27.22
REGION1,NOSR,2019,1.0,27.22
REGION1,NOSR,2020,1.0,27.22
REGION1,NOSR,2021,1.0,28.12
REGION1,NOSR,2022,1.0,29.03
REGION1,NOSR,2023,1.0,29.94
REGION1,NOSR,2024,1.0,30.85
REGION1,NOSR,2025,1.0,31.75
REGION1,NOSR,2026,1.0,32.66
REGION1,NOSR,2027,1.0,33.57
REGION1,NOSR,2028,1.0,34.48
REGION1,NOSR,2029,1.0,35.38
REGION1,NOSR,2030,1.0,36.29
REGION1,NOSR,2031,1.0,37.2
REGION1,NOSR,2032,1.0,38.1
REGION1,NOSR,2033,1.0,39.01
REGION1,NOSR,2034,0.9499,37.92
REGION1,NOSR,2035,0.8775,35.82
REGION1,NOSR,2036,0.8163,34.07
REGION1,NOSR,2037,0.7204,30.72
REGION1,NOSR,2038,0.6946,30.25
REGION1,NOSR,2039,0.6469,28.76
REGION1,NOSR,2040,0.6339,28.75
REGION1,NOSR,2041,0.6062,28.07
REGION1,NOSR,2042,0.3483,16.45
REGION1,NOSR,2043,0.2542,12.23
REGION1,NOSR,2044,0.2681,13.14
REGION1,NOSR,2045,0.3098,15.46
REGION1,NOSR,2046,0.0,0.0
REGION1,NOSR,2047,0.0,0.0
REGION1,NOSR,2048,0.0,0.0
REGION1,NOSR,2049,0.0,0.0
REGION1,NOSR,2050,0.0,0.0
REGION1,NOSR,2051,0.0,0.0
REGION1,NOSR,2052,0.0,0.0
REGION1,NOSR,2053,0.0,0.0
REGION1,NOSR,2054,0.0,0.0
REGION1,NOSR,2055,0.0,0.0
REGION1,NOSR,2056,0.0,0.0
REGION1,NOSR,2057,0.0,0.0
REGION1,NOSR,2058,0.0,0.0
REGION1,NOSR,2059,0.0,0.0
REGION1,NOSR,2060,0.0,0.0
REGION1,SESR,2015,1.0,13.98
REGION1,SESR,2016,1.0,13.98
REGION1,SESR,2017,1.0,13.98
REGION1,SESR,2018,1.0,13.98
REGION1,SESR,2019,1.0,13.98
REGION1,SESR,2020,1.0,13.98
REGION1,SESR,2021,1.0,17.01
REGION1,SESR,2022,1.0,20.03
REGION1,SESR,2023,1.0,23.06
REGION1,SESR,2024,1.0,26.08
REGION1,SESR,2025,1.0,29.1
REGION1,SESR,2026,1.0,32.13
REGION1,SESR,2027,1.0,35.15
REGION1,SESR,2028,1.0,38.18
REGION1,SESR,2029,1.0,41.2
REGION1,SESR,2030,1.0,44.23
REGION1,SESR,2031,1.0,47.25
REGION1,SESR,2032,1.0,50.27
REGION1,SESR,2033,1.0,53.3
REGION1,SESR,2034,1.0,56.32
REGION1,SESR,2035,1.0,59.35
REGION1,SESR,2036,1.0,62.37
REGION1,SESR,2037,1.0,65.39
REGION1,SESR,2038,1.0,68.42
REGION1,SESR,2039,1.0,71.44
REGION1,SESR,2040,1.0,74.47
REGION1,SESR,2041,1.0,77.49
REGION1,SESR,2042,1.0,80.52
REGION1,SESR,2043,1.0,83.54
REGION1,SESR,2044,1.0,86.56
REGION1,SESR,2045,1.0,89.59
REGION1,SESR,2046,1.0,92.61
REGION1,SESR,2047,1.0,95.64
REGION1,SESR,2048,1.0,98.66
REGION1,SESR,2049,1.0,101.68
REGION1,SESR,2050,0.9948,104.17
REGION1,SESR,2051,0.9669,104.17
REGION1,SESR,2052,0.9405,104.17
REGION1,SESR,2053,0.8966,102.01
REGION1,SESR,2054,0.8475,98.99
REGION1,SESR,2055,0.8009,95.97
REGION1,SESR,2056,0.7565,92.94
REGION1,SESR,2057,0.7143,89.92
REGION1,SESR,2058,0.6741,86.89
REGION1,SESR,2059,0.6357,83.87
REGION1,SESR,2060,0.5991,80.85
REGION1,SR,2015,1.0,63.05
REGION1,SR,2016,1.0,63.03
REGION1,SR,2017,1.0,63.03
REGION1,SR,2018,1.0,63.03
REGION1,SR,2019,1.0,63.03
REGION1,SR,2020,1.0,63.03
REGION1,SR,2021,1.0,67.71
REGION1,SR,2022,1.0,72.37
REGION1,SR,2023,1.0,77.08
REGION1,SR,2024,1.0,81.74
REGION1,SR,2025,1.0,86.42
REGION1,SR,2026,1.0,91.1
REGION1,SR,2027,1.0,95.77
REGION1,SR,2028,1.0,100.45
REGION1,SR,2029,1.0,105.13
REGION1,SR,2030,1.0,109.8
REGION1,SR,2031,1.0,117.17
REGION1,SR,2032,1.0,124.54
REGION1,SR,2033,1.0,131.9
REGION1,SR,2034,0.9856,137.27
REGION1,SR,2035,0.9659,141.62
REGION1,SR,2036,0.9502,146.33
REGION1,SR,2037,0.9261,149.44
REGION1,SR,2038,0.9212,155.42
REGION1,SR,2039,0.9108,160.39
REGION1,SR,2040,0.9095,166.84
REGION1,SR,2041,0.9044,172.61
REGION1,SR,2042,0.8448,167.45
REGION1,SR,2043,0.8254,169.69
REGION1,SR,2044,0.8315,177.07
REGION1,SR,2045,0.8436,185.85
REGION1,SR,2046,0.7768,176.84
REGION1,SR,2047,0.7799,183.31
REGION1,SR,2048,0.7829,189.77
REGION1,SR,2049,0.7857,196.23
REGION1,SR,2050,0.7862,202.15
REGION1,SR,2051,0.8018,205.59
REGION1,SR,2052,0.7689,209.03
REGION1,SR,2053,0.7532,210.31
REGION1,SR,2054,0.7352,210.72
REGION1,SR,2055,0.7168,210.72
REGION1,SR,2056,0.6993,210.72
REGION1,SR,2057,0.6826,210.72
REGION1,SR,2058,0.6667,210.72
REGION1,SR,2059,0.6515,210.72
REGION1,SR,2060,0.637,210.72
REGION1,DKSC,2015,0.0,0.0
REGION1,DKSC,2016,0.0,0.0
REGION1,DKSC,2017,0.0,0.0
REGION1,DKSC,2018,0.0,0.0
REGION1,DKSC,2019,0.0,0.0
REGION1,DKSC,2020,0.0,0.0
REGION1,DKSC,2021,0.0,0.0
REGION1,DKSC,2022,0.0,0.0
REGION1,DKSC,2023,0.0,0.0
REGION1,DKSC,2024,0.0,0.0
REGION1,DKSC,2025,0.0,0.0
REGION1,DKSC,2026,0.0,0.0
REGION1,DKSC,2027,0.0,0.0
REGION1,DKSC,2028,0.0,0.0
REGION1,DKSC,2029,0.0,0.0
REGION1,DKSC,2030,0.0,0.0
REGION1,DKSC,2031,0.0,0.0
REGION1,DKSC,2032,0.0,0.0
REGION1,DKSC,2033,0.0,0.0
REGION1,DKSC,2034,0.0,0.0
REGION1,DKSC,2035,0.0,0.0
REGION1,DKSC,2036,0.0,0.0
REGION1,DKSC,2037,0.0,0.0
REGION1,DKSC,2038,0.0,0.0
REGION1,DKSC,2039,0.0,0.0
REGION1,DKSC,2040,0.0,0.0
REGION1,DKSC,2041,0.0,0.0
REGION1,DKSC,2042,0.0,0.0
REGION1,DKSC,2043,0.0,0.0
REGION1,DKSC,2044,0.0,0.0
REGION1,DKSC,2045,0.0,0.0
REGION1,DKSC,2046,0.0,0.0
REGION1,DKSC,2047,0.0,0.0
REGION1,DKSC,2048,0.0,0.0
REGION1,DKSC,2049,0.0,0.0
REGION1,DKSC,2050,0.0,0.0
REGION1,DKSC,2051,0.0,0.0
REGION1,DKSC,2052,0.0,0.0
REGION1,DKSC,2053,0.0,0.0
REGION1,DKSC,2054,0.0,0.0
REGION1,DKSC,2055,0.0,0.0
REGION1,DKSC,2056,0.0,0.0
REGION1,DKSC,2057,0.0,0.0
REGION1,DKSC,2058,0.0,0.0
REGION1,DKSC,2059,0.0,0.0
REGION1,DKSC,2060,0.0,0.0
REGION1,FISC,2015,0.0,0.0
REGION1,FISC,2016,0.0,0.0
REGION1,FISC,2017,0.0,0.0
REGION1,FISC,2018,0.0,0.0
REGION1,FISC,2019,0.0,0.0
REGION1,FISC,2020,0.0,0.0
REGION1,FISC,2021,0.0,0.0
REGION1,FISC,2022,0.0,0.0
REGION1,FISC,2023,0.0,0.0
REGION1,FISC,2024,0.0,0.0
REGION1,FISC,2025,0.0,0.0
REGION1,FISC,2026,0.0,0.0
REGION1,FISC,2027,0.0,0.0
REGION1,FISC,2028,0.0,0.0
REGION1,FISC,2029,0.0,0.0
REGION1,FISC,2030,0.0,0.0
REGION1,FISC,2031,0.0,0.0
REGION1,FISC,2032,0.0,0.0
REGION1,FISC,2033,0.0,0.0
REGION1,FISC,2034,0.0,0.0
REGION1,FISC,2035,0.0,0.0
REGION1,FISC,2036,0.0,0.0
REGION1,FISC,2037,0.0,0.0
REGION1,FISC,2038,0.0,0.0
REGION1,FISC,2039,0.0,0.0
REGION1,FISC,2040,0.0,0.0
REGION1,FISC,2041,0.0,0.0
REGION1,FISC,2042,0.0,0.0
REGION1,FISC,2043,0.0,0.0
REGION1,FISC,2044,0.0,0.0
REGION1,FISC,2045,0.0,0.0
REGION1,FISC,2046,0.0,0.0
REGION1,FISC,2047,0.0,0.0
REGION1,FISC,2048,0.0,0.0
REGION1,FISC,2049,0.0,0.0
REGION1,FISC,2050,0.0,0.0
REGION1,FISC,2051,0.0,0.0
REGION1,FISC,2052,0.0,0.0
REGION1,FISC,2053,0.0,0.0
REGION1,FISC,2054,0.0,0.0
REGION1,FISC,2055,0.0,0.0
REGION1,FISC,2056,0.0,0.0
REGION1,FISC,2057,0.0,0.0
REGION1,FISC,2058,0.0,0.0
REGION1,FISC,2059,0.0,0.0
REGION1,FISC,2060,0.0,0.0
REGION1,NOSC,2015,0.0,0.0
REGION1,NOSC,2016,0.0,0.0
REGION1,NOSC,2017,0.0,0.0
REGION1,NOSC,2018,0.0,0.0
REGION1,NOSC,2019,0.0,0.0
REGION1,NOSC,2020,0.0,0.0
REGION1,NOSC,2021,0.0,0.0
REGION1,NOSC,2022,0.0,0.0
REGION1,NOSC,2023,0.0,0.0
REGION1,NOSC,2024,0.0,0.0
REGION1,NOSC,2025,0.0,0.0
REGION1,NOSC,2026,0.0,0.0
REGION1,NOSC,2027,0.0,0.0
REGION1,NOSC,2028,0.0,0.0
REGION1,NOSC,2029,0.0,0.0
REGION1,NOSC,2030,0.0,0.0
REGION1,NOSC,2031,0.0,0.0
REGION1,NOSC,2032,0.0,0.0
REGION1,NOSC,2033,0.0,0.0
REGION1,NOSC,2034,0.0,0.0
REGION1,NOSC,2035,0.0,0.0
REGION1,NOSC,2036,0.0,0.0
REGION1,NOSC,2037,0.0,0.0
REGION1,NOSC,2038,0.0,0.0
REGION1,NOSC,2039,0.0,0.0
REGION1,NOSC,2040,0.0,0.0
REGION1,NOSC,2041,0.0,0.0
REGION1,NOSC,2042,0.0,0.0
REGION1,NOSC,2043,0.0,0.0
REGION1,NOSC,2044,0.0,0.0
REGION1,NOSC,2045,0.0,0.0
REGION1,NOSC,2046,0.0,0.0
REGION1,NOSC,2047,0.0,0.0
REGION1,NOSC,2048,0.0,0.0
REGION1,NOSC,2049,0.0,0.0
REGION1,NOSC,2050,0.0,0.0
REGION1,NOSC,2051,0.0,0.0
REGION1,NOSC,2052,0.0,0.0
REGION1,NOSC,2053,0.0,0.0
REGION1,NOSC,2054,0.0,0.0
REGION1,NOSC,2055,0.0,0.0
REGION1,NOSC,2056,0.0,0.0
REGION1,NOSC,2057,0.0,0.0
REGION1,NOSC,2058,0.0,0.0
REGION1,NOSC,2059,0.0,0.0
REGION1,NOSC,2060,0.0,0.0
REGION1,SC,2015,0.0,0.0
REGION1,SC,2016,0.0,0.0
REGION1,SC,2017,0.0,0.0
REGION1,SC,2018,0.0,0.0
REGION1,SC,2019,0.0,0.0
REGION1,SC,2020,0.0,0.0
REGION1,SC,2021,0.0,0.0
REGION1,SC,2022,0.0,0.0
REGION1,SC,2023,0.0,0.0
REGION1,SC,2024,0.0,0.0
REGION1,SC,2025,0.0,0.0
REGION1,SC,2026,0.0,0.0
REGION1,SC,2027,0.0,0.0
REGION1,SC,2028,0.0,0.0
REGION1,SC,2029,0.0,0.0
REGION1,SC,2030,0.0,0.0
REGION1,SC,2031,0.0,0.0
REGION1,SC,2032,0.0,0.0
REGION1,SC,2033,0.0,0.0
REGION1,SC,2034,0.0,0.0
REGION1,SC,2035,0.0,0.0
REGION1,SC,2036,0.0,0.0
REGION1,SC,2037,0.0,0.0
REGION1,SC,2038,0.0,0.0
REGION1,SC,2039,0.0,0.0
REGION1,SC,2040,0.0,0.0
REGION1,SC,2041,0.0,0.0
REGION1,SC,2042,0.0,0.0
REGION1,SC,2043,0.0,0.0
REGION1,SC,2044,0.0,0.0
REGION1,SC,2045,0.0,0.0
REGION1,SC,2046,0.0,0.0
REGION1,SC,2047,0.0,0.0
REGION1,SC,2048,0.0,0.0
REGION1,SC,2049,0.0,0.0
REGION1,SC,2050,0.0,0.0
REGION1,SC,2051,0.0,0.0
REGION1,SC,2052,0.0,0.0
REGION1,SC,2053,0.0,0.0
REGION1,SC,2054,0.0,0.0
REGION1,SC,2055,0.0,0.0
REGION1,SC,2056,0.0,0.0
REGION1,SC,2057,0.0,0.0
REGION1,SC,2058,0.0,0.0
REGION1,SC,2059,0.0,0.0
REGION1,SC,2060,0.0,0.0
REGION1,SESC,2015,0.0,0.0
REGION1,SESC,2016,0.0,0.0
REGION1,SESC,2017,0.0,0.0
REGION1,SESC,2018,0.0,0.0
REGION1,SESC,2019,0.0,0.0
REGION1,SESC,2020,0.0,0.0
REGION1,SESC,2021,0.0,0.0
REGION1,SESC,2022,0.0,0.0
REGION1,SESC,2023,0.0,0.0
REGION1,SESC,2024,0.0,0.0
REGION1,SESC,2025,0.0,0.0
REGION1,SESC,2026,0.0,0.0
REGION1,SESC,2027,0.0,0.0
REGION1,SESC,2028,0.0,0.0
REGION1,SESC,2029,0.0,0.0
REGION1,SESC,2030,0.0,0.0
REGION1,SESC,2031,0.0,0.0
REGION1,SESC,2032,0.0,0.0
REGION1,SESC,2033,0.0,0.0
REGION1,SESC,2034,0.0,0.0
REGION1,SESC,2035,0.0,0.0
REGION1,SESC,2036,0.0,0.0
REGION1,SESC,2037,0.0,0.0
REGION1,SESC,2038,0.0,0.0
REGION1,SESC,2039,0.0,0.0
REGION1,SESC,2040,0.0,0.0
REGION1,SESC,2041,0.0,0.0
REGION1,SESC,2042,0.0,0.0
REGION1,SESC,2043,0.0,0.0
REGION1,SESC,2044,0.0,0.0
REGION1,SESC,2045,0.0,0.0
REGION1,SESC,2046,0.0,0.0
REGION1,SESC,2047,0.0,0.0
REGION1,SESC,2048,0.0,0.0
REGION1,SESC,2049,0.0,0.0
REGION1,SESC,2050,0.0,0.0
REGION1,SESC,2051,0.0,0.0
REGION1,SESC,2052,0.0,0.0
REGION1,SESC,2053,0.0,0.0
REGION1,SESC,2054,0.0,0.0
REGION1,SESC,2055,0.0,0.0
REGION1,SESC,2056,0.0,0.0
REGION1,SESC,2057,0.0,0.0
REGION1,SESC,2058,0.0,0.0
REGION1,SESC,2059,0.0,0.0
REGION1,SESC,2060,0.0,0.0
REGION1,DKEC,2015,0.0,0.0
REGION1,DKEC,2016,0.0,0.0
REGION1,DKEC,2017,0.0,0.0
REGION1,DKEC,2018,0.0,0.0
REGION1,DKEC,2019,0.0,0.0
REGION1,DKEC,2020,0.0,0.0
REGION1,DKEC,2021,0.0,0.0
REGION1,DKEC,2022,0.0,0.0
REGION1,DKEC,2023,0.0,0.0
REGION1,DKEC,2024,0.0,0.0
REGION1,DKEC,2025,0.0,0.0
REGION1,DKEC,2026,0.0,0.0
REGION1,DKEC,2027,0.0,0.0
REGION1,DKEC,2028,0.0,0.0
REGION1,DKEC,2029,0.0,0.0
REGION1,DKEC,2030,0.0,0.0
REGION1,DKEC,2031,0.0,0.0
REGION1,DKEC,2032,0.0,0.0
REGION1,DKEC,2033,0.0,0.0
REGION1,DKEC,2034,0.0,0.0
REGION1,DKEC,2035,0.0,0.0
REGION1,DKEC,2036,0.0,0.0
REGION1,DKEC,2037,0.0,0.0
REGION1,DKEC,2038,0.0,0.0
REGION1,DKEC,2039,0.0,0.0
REGION1,DKEC,2040,0.0,0.0
REGION1,DKEC,2041,0.0,0.0
REGION1,DKEC,2042,0.0,0.0
REGION1,DKEC,2043,0.0,0.0
REGION1,DKEC,2044,0.0,0.0
REGION1,DKEC,2045,0.0,0.0
REGION1,DKEC,2046,0.0,0.0
REGION1,DKEC,2047,0.0,0.0
REGION1,DKEC,2048,0.0,0.0
REGION1,DKEC,2049,0.0,0.0
REGION1,DKEC,2050,0.0,0.0
REGION1,DKEC,2051,0.0,0.0
REGION1,DKEC,2052,0.0,0.0
REGION1,DKEC,2053,0.0,0.0
REGION1,DKEC,2054,0.0,0.0
REGION1,DKEC,2055,0.0,0.0
REGION1,DKEC,2056,0.0,0.0
REGION1,DKEC,2057,0.0,0.0
REGION1,DKEC,2058,0.0,0.0
REGION1,DKEC,2059,0.0,0.0
REGION1,DKEC,2060,0.0,0.0
REGION1,EC,2015,0.0,0.0
REGION1,EC,2016,0.0,0.0
REGION1,EC,2017,0.0,0.0
REGION1,EC,2018,0.0,0.0
REGION1,EC,2019,0.0,0.0
REGION1,EC,2020,0.0,0.0
REGION1,EC,2021,0.0,0.0
REGION1,EC,2022,0.0,0.0
REGION1,EC,2023,0.0,0.0
REGION1,EC,2024,0.0,0.0
REGION1,EC,2025,0.0,0.0
REGION1,EC,2026,0.0,0.0
REGION1,EC,2027,0.0,0.0
REGION1,EC,2028,0.0,0.0
REGION1,EC,2029,0.0,0.0
REGION1,EC,2030,0.0,0.0
REGION1,EC,2031,0.0,0.0
REGION1,EC,2032,0.0,0.0
REGION1,EC,2033,0.0,0.0
REGION1,EC,2034,0.0144,2.0
REGION1,EC,2035,0.0341,5.0
REGION1,EC,2036,0.0498,7.67
REGION1,EC,2037,0.0739,11.92
REGION1,EC,2038,0.0788,13.3
REGION1,EC,2039,0.0892,15.7
REGION1,EC,2040,0.0905,16.61
REGION1,EC,2041,0.0956,18.24
REGION1,EC,2042,0.1552,30.77
REGION1,EC,2043,0.1746,35.89
REGION1,EC,2044,0.1685,35.88
REGION1,EC,2045,0.1564,34.46
REGION1,EC,2046,0.2232,50.82
REGION1,EC,2047,0.2201,51.73
REGION1,EC,2048,0.2171,52.63
REGION1,EC,2049,0.2143,53.54
REGION1,EC,2050,0.2138,54.97
REGION1,EC,2051,0.1982,50.81
REGION1,EC,2052,0.2311,62.84
REGION1,EC,2053,0.2468,68.92
REGION1,EC,2054,0.2648,75.88
REGION1,EC,2055,0.2832,83.25
REGION1,EC,2056,0.3007,90.62
REGION1,EC,2057,0.3174,97.99
REGION1,EC,2058,0.3333,105.35
REGION1,EC,2059,0.3485,112.72
REGION1,EC,2060,0.363,120.09
REGION1,FIEC,2015,0.0,0.0
REGION1,FIEC,2016,0.0,0.0
REGION1,FIEC,2017,0.0,0.0
REGION1,FIEC,2018,0.0,0.0
REGION1,FIEC,2019,0.0,0.0
REGION1,FIEC,2020,0.0,0.0
REGION1,FIEC,2021,0.0,0.0
REGION1,FIEC,2022,0.0,0.0
REGION1,FIEC,2023,0.0,0.0
REGION1,FIEC,2024,0.0,0.0
REGION1,FIEC,2025,0.0,0.0
REGION1,FIEC,2026,0.0,0.0
REGION1,FIEC,2027,0.0,0.0
REGION1,FIEC,2028,0.0,0.0
REGION1,FIEC,2029,0.0,0.0
REGION1,FIEC,2030,0.0,0.0
REGION1,FIEC,2031,0.0,0.0
REGION1,FIEC,2032,0.0,0.0
REGION1,FIEC,2033,0.0,0.0
REGION1,FIEC,2034,0.0,0.0
REGION1,FIEC,2035,0.0,0.0
REGION1,FIEC,2036,0.0,0.0
REGION1,FIEC,2037,0.0,0.0
REGION1,FIEC,2038,0.0,0.0
REGION1,FIEC,2039,0.0,0.0
REGION1,FIEC,2040,0.0,0.0
REGION1,FIEC,2041,0.0,0.0
REGION1,FIEC,2042,0.0,0.0
REGION1,FIEC,2043,0.0,0.0
REGION1,FIEC,2044,0.0,0.0
REGION1,FIEC,2045,0.0,0.0
REGION1,FIEC,2046,0.0,0.0
REGION1,FIEC,2047,0.0,0.0
REGION1,FIEC,2048,0.0,0.0
REGION1,FIEC,2049,0.0,0.0
REGION1,FIEC,2050,0.0,0.0
REGION1,FIEC,2051,0.0,0.0
REGION1,FIEC,2052,0.0,0.0
REGION1,FIEC,2053,0.0,0.0
REGION1,FIEC,2054,0.0,0.0
REGION1,FIEC,2055,0.0105,0.41
REGION1,FIEC,2056,0.0207,0.83
REGION1,FIEC,2057,0.0306,1.24
REGION1,FIEC,2058,0.0402,1.65
REGION1,FIEC,2059,0.0495,2.07
REGION1,FIEC,2060,0.0586,2.48
REGION1,NOEC,2015,0.0,0.0
REGION1,NOEC,2016,0.0,0.0
REGION1,NOEC,2017,0.0,0.0
REGION1,NOEC,2018,0.0,0.0
REGION1,NOEC,2019,0.0,0.0
REGION1,NOEC,2020,0.0,0.0
REGION1,NOEC,2021,0.0,0.0
REGION1,NOEC,2022,0.0,0.0
REGION1,NOEC,2023,0.0,0.0
REGION1,NOEC,2024,0.0,0.0
REGION1,NOEC,2025,0.0,0.0
REGION1,NOEC,2026,0.0,0.0
REGION1,NOEC,2027,0.0,0.0
REGION1,NOEC,2028,0.0,0.0
REGION1,NOEC,2029,0.0,0.0
REGION1,NOEC,2030,0.0,0.0
REGION1,NOEC,2031,0.0,0.0
REGION1,NOEC,2032,0.0,0.0
REGION1,NOEC,2033,0.0,0.0
REGION1,NOEC,2034,0.0501,2.0
REGION1,NOEC,2035,0.1225,5.0
REGION1,NOEC,2036,0.1837,7.67
REGION1,NOEC,2037,0.2796,11.92
REGION1,NOEC,2038,0.3054,13.3
REGION1,NOEC,2039,0.3531,15.7
REGION1,NOEC,2040,0.3661,16.61
REGION1,NOEC,2041,0.3938,18.24
REGION1,NOEC,2042,0.6517,30.77
REGION1,NOEC,2043,0.7458,35.89
REGION1,NOEC,2044,0.7319,35.88
REGION1,NOEC,2045,0.6902,34.46
REGION1,NOEC,2046,1.0,50.82
REGION1,NOEC,2047,1.0,51.73
REGION1,NOEC,2048,1.0,52.63
REGION1,NOEC,2049,1.0,53.54
REGION1,NOEC,2050,1.0,54.43
REGION1,NOEC,2051,1.0,47.25
REGION1,NOEC,2052,1.0,56.25
REGION1,NOEC,2053,1.0,57.16
REGION1,NOEC,2054,1.0,58.06
REGION1,NOEC,2055,1.0,58.97
REGION1,NOEC,2056,1.0,59.88
REGION1,NOEC,2057,1.0,60.79
REGION1,NOEC,2058,1.0,61.69
REGION1,NOEC,2059,1.0,62.6
REGION1,NOEC,2060,1.0,63.51
REGION1,SEEC,2015,0.0,0.0
REGION1,SEEC,2016,0.0,0.0
REGION1,SEEC,2017,0.0,0.0
REGION1,SEEC,2018,0.0,0.0
REGION1,SEEC,2019,0.0,0.0
REGION1,SEEC,2020,0.0,0.0
REGION1,SEEC,2021,0.0,0.0
REGION1,SEEC,2022,0.0,0.0
REGION1,SEEC,2023,0.0,0.0
REGION1,SEEC,2024,0.0,0.0
REGION1,SEEC,2025,0.0,0.0
REGION1,SEEC,2026,0.0,0.0
REGION1,SEEC,2027,0.0,0.0
REGION1,SEEC,2028,0.0,0.0
REGION1,SEEC,2029,0.0,0.0
REGION1,SEEC,2030,0.0,0.0
REGION1,SEEC,2031,0.0,0.0
REGION1,SEEC,2032,0.0,0.0
REGION1,SEEC,2033,0.0,0.0
REGION1,SEEC,2034,0.0,0.0
REGION1,SEEC,2035,0.0,0.0
REGION1,SEEC,2036,0.0,0.0
REGION1,SEEC,2037,0.0,0.0
REGION1,SEEC,2038,0.0,0.0
REGION1,SEEC,2039,0.0,0.0
REGION1,SEEC,2040,0.0,0.0
REGION1,SEEC,2041,0.0,0.0
REGION1,SEEC,2042,0.0,0.0
REGION1,SEEC,2043,-0.0,-0.0
REGION1,SEEC,2044,0.0,0.0
REGION1,SEEC,2045,0.0,0.0
REGION1,SEEC,2046,0.0,0.0
REGION1,SEEC,2047,0.0,0.0
REGION1,SEEC,2048,0.0,0.0
REGION1,SEEC,2049,0.0,0.0
REGION1,SEEC,2050,0.0052,0.54
REGION1,SEEC,2051,0.0331,3.56
REGION1,SEEC,2052,0.0595,6.59
REGION1,SEEC,2053,0.1034,11.77
REGION1,SEEC,2054,0.1525,17.81
REGION1,SEEC,2055,0.1991,23.86
REGION1,SEEC,2056,0.2435,29.91
REGION1,SEEC,2057,0.2857,35.96
REGION1,SEEC,2058,0.3259,42.01
REGION1,SEEC,2059,0.3643,48.06
REGION1,SEEC,2060,0.4009,54.1
REGION1,DKELFOSSIL,2015,0.3306,33.01
REGION1,DKELFOSSIL,2016,0.3676,38.85
REGION1,DKELFOSSIL,2017,0.3526,36.37
REGION1,DKELFOSSIL,2018,0.166,13.3
REGION1,DKELFOSSIL,2019,0.1322,10.18
REGION1,DKELFOSSIL,2020,0.0971,7.18
REGION1,DKELFOSSIL,2021,0.1668,13.38
REGION1,DKELFOSSIL,2022,0.2411,24.01
REGION1,DKELFOSSIL,2023,0.1479,12.41
REGION1,DKELFOSSIL,2024,0.0083,0.61
REGION1,DKELFOSSIL,2025,0.0079,0.61
REGION1,DKELFOSSIL,2026,0.0,0.0
REGION1,DKELFOSSIL,2027,0.0,0.0
REGION1,DKELFOSSIL,2028,0.0,0.0
REGION1,DKELFOSSIL,2029,0.0,0.0
REGION1,DKELFOSSIL,2030,0.0,0.0
REGION1,DKELFOSSIL,2031,0.0,0.0
REGION1,DKELFOSSIL,2032,0.0,0.0
REGION1,DKELFOSSIL,2033,0.0,0.0
REGION1,DKELFOSSIL,2034,0.0,0.0
REGION1,DKELFOSSIL,2035,0.0,0.0
REGION1,DKELFOSSIL,2036,0.0,0.0
REGION1,DKELFOSSIL,2037,0.0,0.0
REGION1,DKELFOSSIL,2038,0.0,0.0
REGION1,DKELFOSSIL,2039,0.0,0.0
REGION1,DKELFOSSIL,2040,0.0,0.0
REGION1,DKELFOSSIL,2041,0.0,0.0
REGION1,DKELFOSSIL,2042,0.0,0.0
REGION1,DKELFOSSIL,2043,0.0,0.0
REGION1,DKELFOSSIL,2044,0.0,0.0
REGION1,DKELFOSSIL,2045,0.0,0.0
REGION1,DKELFOSSIL,2046,0.0,0.0
REGION1,DKELFOSSIL,2047,0.0,0.0
REGION1,DKELFOSSIL,2048,0.0,0.0
REGION1,DKELFOSSIL,2049,0.0,0.0
REGION1,DKELFOSSIL,2050,0.0,0.0
REGION1,DKELFOSSIL,2051,0.0,0.0
REGION1,DKELFOSSIL,2052,0.0,0.0
REGION1,DKELFOSSIL,2053,0.0,0.0
REGION1,DKELFOSSIL,2054,0.0,0.0
REGION1,DKELFOSSIL,2055,0.0,0.0
REGION1,DKELFOSSIL,2056,0.0,0.0
REGION1,DKELFOSSIL,2057,0.0,0.0
REGION1,DKELFOSSIL,2058,0.0,0.0
REGION1,DKELFOSSIL,2059,0.0,0.0
REGION1,DKELFOSSIL,2060,0.0,0.0
REGION1,ELFOSSIL,2015,0.0664,90.84
REGION1,ELFOSSIL,2016,0.0637,88.25
REGION1,ELFOSSIL,2017,0.06,83.26
REGION1,ELFOSSIL,2018,0.0306,42.96
REGION1,ELFOSSIL,2019,0.0293,40.7
REGION1,ELFOSSIL,2020,0.0282,38.9
REGION1,ELFOSSIL,2021,0.0398,56.39
REGION1,ELFOSSIL,2022,0.0506,78.79
REGION1,ELFOSSIL,2023,0.0408,63.79
REGION1,ELFOSSIL,2024,0.0208,33.02
REGION1,ELFOSSIL,2025,0.0171,27.7
REGION1,ELFOSSIL,2026,0.0126,20.79
REGION1,ELFOSSIL,2027,0.0121,20.62
REGION1,ELFOSSIL,2028,0.0105,18.41
REGION1,ELFOSSIL,2029,0.0039,6.88
REGION1,ELFOSSIL,2030,0.0063,11.53
REGION1,ELFOSSIL,2031,0.0,0.0
REGION1,ELFOSSIL,2032,0.0,0.06
REGION1,ELFOSSIL,2033,0.0006,1.19
REGION1,ELFOSSIL,2034,0.0029,6.09
REGION1,ELFOSSIL,2035,0.0,0.0
REGION1,ELFOSSIL,2036,0.0,0.0
REGION1,ELFOSSIL,2037,0.0,0.0
REGION1,ELFOSSIL,2038,0.0,0.0
REGION1,ELFOSSIL,2039,0.0,0.0
REGION1,ELFOSSIL,2040,0.0,0.0
REGION1,ELFOSSIL,2041,0.0,0.0
REGION1,ELFOSSIL,2042,0.0,0.0
REGION1,ELFOSSIL,2043,0.0,0.0
REGION1,ELFOSSIL,2044,0.0,0.0
REGION1,ELFOSSIL,2045,0.0,0.0
REGION1,ELFOSSIL,2046,0.0,0.0
REGION1,ELFOSSIL,2047,0.0,0.0
REGION1,ELFOSSIL,2048,0.0,0.0
REGION1,ELFOSSIL,2049,0.0,0.0
REGION1,ELFOSSIL,2050,0.0,0.0
REGION1,ELFOSSIL,2051,0.0,0.0
REGION1,ELFOSSIL,2052,0.0,0.0
REGION1,ELFOSSIL,2053,0.0,0.0
REGION1,ELFOSSIL,2054,0.0,0.0
REGION1,ELFOSSIL,2055,0.0,0.0
REGION1,ELFOSSIL,2056,0.0,0.0
REGION1,ELFOSSIL,2057,0.0,0.0
REGION1,ELFOSSIL,2058,0.0,0.0
REGION1,ELFOSSIL,2059,0.0,0.0
REGION1,ELFOSSIL,2060,0.0,0.0
REGION1,FIELFOSSIL,2015,0.2346,54.34
REGION1,FIELFOSSIL,2016,0.2071,46.27
REGION1,FIELFOSSIL,2017,0.1994,44.09
REGION1,FIELFOSSIL,2018,0.1109,27.24
REGION1,FIELFOSSIL,2019,0.116,28.49
REGION1,FIELFOSSIL,2020,0.1217,30.08
REGION1,FIELFOSSIL,2021,0.1645,43.0
REGION1,FIELFOSSIL,2022,0.1505,43.25
REGION1,FIELFOSSIL,2023,0.1353,39.85
REGION1,FIELFOSSIL,2024,0.0649,20.88
REGION1,FIELFOSSIL,2025,0.0469,15.56
REGION1,FIELFOSSIL,2026,0.029,9.92
REGION1,FIELFOSSIL,2027,0.0273,9.53
REGION1,FIELFOSSIL,2028,0.0186,6.88
REGION1,FIELFOSSIL,2029,0.019,6.88
REGION1,FIELFOSSIL,2030,0.0,0.0
REGION1,FIELFOSSIL,2031,0.0,0.0
REGION1,FIELFOSSIL,2032,0.0,0.0
REGION1,FIELFOSSIL,2033,0.0,0.0
REGION1,FIELFOSSIL,2034,0.0,0.0
REGION1,FIELFOSSIL,2035,0.0,0.0
REGION1,FIELFOSSIL,2036,0.0,0.0
REGION1,FIELFOSSIL,2037,0.0,0.0
REGION1,FIELFOSSIL,2038,0.0,0.0
REGION1,FIELFOSSIL,2039,0.0,0.0
REGION1,FIELFOSSIL,2040,0.0,0.0
REGION1,FIELFOSSIL,2041,0.0,0.0
REGION1,FIELFOSSIL,2042,0.0,0.0
REGION1,FIELFOSSIL,2043,0.0,0.0
REGION1,FIELFOSSIL,2044,0.0,0.0
REGION1,FIELFOSSIL,2045,0.0,0.0
REGION1,FIELFOSSIL,2046,0.0,0.0
REGION1,FIELFOSSIL,2047,0.0,0.0
REGION1,FIELFOSSIL,2048,0.0,0.0
REGION1,FIELFOSSIL,2049,0.0,0.0
REGION1,FIELFOSSIL,2050,0.0,0.0
REGION1,FIELFOSSIL,2051,0.0,0.0
REGION1,FIELFOSSIL,2052,0.0,0.0
REGION1,FIELFOSSIL,2053,0.0,0.0
REGION1,FIELFOSSIL,2054,0.0,0.0
REGION1,FIELFOSSIL,2055,0.0,0.0
REGION1,FIELFOSSIL,2056,0.0,0.0
REGION1,FIELFOSSIL,2057,0.0,0.0
REGION1,FIELFOSSIL,2058,0.0,0.0
REGION1,FIELFOSSIL,2059,0.0,0.0
REGION1,FIELFOSSIL,2060,0.0,0.0
REGION1,NOELFOSSIL,2015,0.0001,0.05
REGION1,NOELFOSSIL,2016,0.0001,0.04
REGION1,NOELFOSSIL,2017,0.0001,0.07
REGION1,NOELFOSSIL,2018,0.0001,0.04
REGION1,NOELFOSSIL,2019,0.0,0.01
REGION1,NOELFOSSIL,2020,0.0,0.01
REGION1,NOELFOSSIL,2021,0.0,0.01
REGION1,NOELFOSSIL,2022,0.021,11.53
REGION1,NOELFOSSIL,2023,0.0204,11.53
REGION1,NOELFOSSIL,2024,0.0195,11.53
REGION1,NOELFOSSIL,2025,0.0188,11.53
REGION1,NOELFOSSIL,2026,0.017,10.87
REGION1,NOELFOSSIL,2027,0.0166,11.09
REGION1,NOELFOSSIL,2028,0.0166,11.53
REGION1,NOELFOSSIL,2029,0.0,0.0
REGION1,NOELFOSSIL,2030,0.0152,11.53
REGION1,NOELFOSSIL,2031,0.0,0.0
REGION1,NOELFOSSIL,2032,0.0001,0.06
REGION1,NOELFOSSIL,2033,0.0014,1.19
REGION1,NOELFOSSIL,2034,0.0069,6.09
REGION1,NOELFOSSIL,2035,0.0,0.0
REGION1,NOELFOSSIL,2036,0.0,0.0
REGION1,NOELFOSSIL,2037,0.0,0.0
REGION1,NOELFOSSIL,2038,0.0,0.0
REGION1,NOELFOSSIL,2039,0.0,0.0
REGION1,NOELFOSSIL,2040,0.0,0.0
REGION1,NOELFOSSIL,2041,0.0,0.0
REGION1,NOELFOSSIL,2042,0.0,0.0
REGION1,NOELFOSSIL,2043,0.0,0.0
REGION1,NOELFOSSIL,2044,0.0,0.0
REGION1,NOELFOSSIL,2045,0.0,0.0
REGION1,NOELFOSSIL,2046,0.0,0.0
REGION1,NOELFOSSIL,2047,0.0,0.0
REGION1,NOELFOSSIL,2048,0.0,0.0
REGION1,NOELFOSSIL,2049,0.0,0.0
REGION1,NOELFOSSIL,2050,0.0,0.0
REGION1,NOELFOSSIL,2051,0.0,0.0
REGION1,NOELFOSSIL,2052,0.0,0.0
REGION1,NOELFOSSIL,2053,0.0,0.0
REGION1,NOELFOSSIL,2054,0.0,0.0
REGION1,NOELFOSSIL,2055,0.0,0.0
REGION1,NOELFOSSIL,2056,0.0,0.0
REGION1,NOELFOSSIL,2057,0.0,0.0
REGION1,NOELFOSSIL,2058,0.0,0.0
REGION1,NOELFOSSIL,2059,0.0,0.0
REGION1,NOELFOSSIL,2060,0.0,0.0
REGION1,SEELFOSSIL,2015,0.0061,3.43
REGION1,SEELFOSSIL,2016,0.0053,3.08
REGION1,SEELFOSSIL,2017,0.0046,2.73
REGION1,SEELFOSSIL,2018,0.0039,2.37
REGION1,SEELFOSSIL,2019,0.0035,2.01
REGION1,SEELFOSSIL,2020,0.0029,1.63
REGION1,SEELFOSSIL,2021,0.0,0.0
REGION1,SEELFOSSIL,2022,0.0,0.0
REGION1,SEELFOSSIL,2023,0.0,0.0
REGION1,SEELFOSSIL,2024,0.0,0.0
REGION1,SEELFOSSIL,2025,0.0,0.0
REGION1,SEELFOSSIL,2026,0.0,0.0
REGION1,SEELFOSSIL,2027,0.0,0.0
REGION1,SEELFOSSIL,2028,0.0,0.0
REGION1,SEELFOSSIL,2029,0.0,0.0
REGION1,SEELFOSSIL,2030,0.0,0.0
REGION1,SEELFOSSIL,2031,0.0,0.0
REGION1,SEELFOSSIL,2032,0.0,0.0
REGION1,SEELFOSSIL,2033,0.0,0.0
REGION1,SEELFOSSIL,2034,0.0,0.0
REGION1,SEELFOSSIL,2035,0.0,0.0
REGION1,SEELFOSSIL,2036,0.0,0.0
REGION1,SEELFOSSIL,2037,0.0,0.0
REGION1,SEELFOSSIL,2038,0.0,0.0
REGION1,SEELFOSSIL,2039,0.0,0.0
REGION1,SEELFOSSIL,2040,0.0,0.0
REGION1,SEELFOSSIL,2041,0.0,0.0
REGION1,SEELFOSSIL,2042,0.0,0.0
REGION1,SEELFOSSIL,2043,0.0,0.0
REGION1,SEELFOSSIL,2044,0.0,0.0
REGION1,SEELFOSSIL,2045,0.0,0.0
REGION1,SEELFOSSIL,2046,0.0,0.0
REGION1,SEELFOSSIL,2047,0.0,0.0
REGION1,SEELFOSSIL,2048,0.0,0.0
REGION1,SEELFOSSIL,2049,0.0,0.0
REGION1,SEELFOSSIL,2050,0.0,0.0
REGION1,SEELFOSSIL,2051,0.0,0.0
REGION1,SEELFOSSIL,2052,0.0,0.0
REGION1,SEELFOSSIL,2053,0.0,0.0
REGION1,SEELFOSSIL,2054,0.0,0.0
REGION1,SEELFOSSIL,2055,0.0,0.0
REGION1,SEELFOSSIL,2056,0.0,0.0
REGION1,SEELFOSSIL,2057,0.0,0.0
REGION1,SEELFOSSIL,2058,0.0,0.0
REGION1,SEELFOSSIL,2059,0.0,0.0
REGION1,SEELFOSSIL,2060,0.0,0.0
REGION1,DKELCCS,2015,0.0,0.0
REGION1,DKELCCS,2016,0.0,0.0
REGION1,DKELCCS,2017,0.0,0.0
REGION1,DKELCCS,2018,0.0,0.0
REGION1,DKELCCS,2019,0.0,0.0
REGION1,DKELCCS,2020,0.0,0.0
REGION1,DKELCCS,2021,0.0,0.0
REGION1,DKELCCS,2022,0.0,0.0
REGION1,DKELCCS,2023,0.0,0.0
REGION1,DKELCCS,2024,0.0,0.0
REGION1,DKELCCS,2025,0.0,0.0
REGION1,DKELCCS,2026,0.0,0.0
REGION1,DKELCCS,2027,0.0,0.0
REGION1,DKELCCS,2028,0.0,0.0
REGION1,DKELCCS,2029,0.0,0.0
REGION1,DKELCCS,2030,0.0,0.0
REGION1,DKELCCS,2031,0.0,0.0
REGION1,DKELCCS,2032,0.0,0.0
REGION1,DKELCCS,2033,0.0,0.0
REGION1,DKELCCS,2034,0.0,0.0
REGION1,DKELCCS,2035,0.0,0.0
REGION1,DKELCCS,2036,0.0,0.0
REGION1,DKELCCS,2037,0.0,0.0
REGION1,DKELCCS,2038,0.0,0.0
REGION1,DKELCCS,2039,0.001,0.16
REGION1,DKELCCS,2040,0.004,0.68
REGION1,DKELCCS,2041,0.0045,0.83
REGION1,DKELCCS,2042,0.0043,0.83
REGION1,DKELCCS,2043,0.005,1.07
REGION1,DKELCCS,2044,0.0147,3.2
REGION1,DKELCCS,2045,0.014,3.2
REGION1,DKELCCS,2046,0.0139,3.2
REGION1,DKELCCS,2047,0.0139,3.2
REGION1,DKELCCS,2048,0.0139,3.2
REGION1,DKELCCS,2049,0.0139,3.2
REGION1,DKELCCS,2050,0.0142,3.28
REGION1,DKELCCS,2051,0.0175,4.05
REGION1,DKELCCS,2052,0.0192,4.46
REGION1,DKELCCS,2053,0.021,4.87
REGION1,DKELCCS,2054,0.0216,5.02
REGION1,DKELCCS,2055,0.0222,5.02
REGION1,DKELCCS,2056,0.0223,5.02
REGION1,DKELCCS,2057,0.0229,5.02
REGION1,DKELCCS,2058,0.0235,5.02
REGION1,DKELCCS,2059,0.0232,5.02
REGION1,DKELCCS,2060,0.0227,5.02
REGION1,ELCCS,2015,0.0,0.0
REGION1,ELCCS,2016,0.0,0.0
REGION1,ELCCS,2017,0.0,0.0
REGION1,ELCCS,2018,0.0,0.0
REGION1,ELCCS,2019,0.0,0.0
REGION1,ELCCS,2020,0.0,0.0
REGION1,ELCCS,2021,0.0,0.0
REGION1,ELCCS,2022,0.0,0.0
REGION1,ELCCS,2023,0.0,0.0
REGION1,ELCCS,2024,0.0,0.0
REGION1,ELCCS,2025,0.0,0.0
REGION1,ELCCS,2026,0.0,0.0
REGION1,ELCCS,2027,0.0,0.0
REGION1,ELCCS,2028,0.0,0.0
REGION1,ELCCS,2029,0.0,0.0
REGION1,ELCCS,2030,0.0,0.0
REGION1,ELCCS,2031,0.0,0.0
REGION1,ELCCS,2032,0.0,0.0
REGION1,ELCCS,2033,0.0,0.0
REGION1,ELCCS,2034,0.0,0.0
REGION1,ELCCS,2035,0.0011,2.43
REGION1,ELCCS,2036,0.0034,7.47
REGION1,ELCCS,2037,0.0053,11.95
REGION1,ELCCS,2038,0.0076,17.51
REGION1,ELCCS,2039,0.0097,22.73
REGION1,ELCCS,2040,0.0119,28.54
REGION1,ELCCS,2041,0.014,34.03
REGION1,ELCCS,2042,0.0143,35.44
REGION1,ELCCS,2043,0.0157,39.62
REGION1,ELCCS,2044,0.0178,45.7
REGION1,ELCCS,2045,0.0201,52.3
REGION1,ELCCS,2046,0.0196,52.3
REGION1,ELCCS,2047,0.0214,58.05
REGION1,ELCCS,2048,0.0232,63.79
REGION1,ELCCS,2049,0.0249,69.53
REGION1,ELCCS,2050,0.0265,75.07
REGION1,ELCCS,2051,0.027,76.35
REGION1,ELCCS,2052,0.0273,77.62
REGION1,ELCCS,2053,0.0274,78.1
REGION1,ELCCS,2054,0.0273,78.25
REGION1,ELCCS,2055,0.0273,78.25
REGION1,ELCCS,2056,0.0274,78.25
REGION1,ELCCS,2057,0.0274,78.25
REGION1,ELCCS,2058,0.0273,78.25
REGION1,ELCCS,2059,0.0271,78.25
REGION1,ELCCS,2060,0.027,78.25
REGION1,FIELCCS,2015,0.0,0.0
REGION1,FIELCCS,2016,0.0,0.0
REGION1,FIELCCS,2017,0.0,0.0
REGION1,FIELCCS,2018,0.0,0.0
REGION1,FIELCCS,2019,0.0,0.0
REGION1,FIELCCS,2020,0.0,0.0
REGION1,FIELCCS,2021,0.0,0.0
REGION1,FIELCCS,2022,0.0,0.0
REGION1,FIELCCS,2023,0.0,0.0
REGION1,FIELCCS,2024,0.0,0.0
REGION1,FIELCCS,2025,0.0,0.0
REGION1,FIELCCS,2026,0.0,0.0
REGION1,FIELCCS,2027,0.0,0.0
REGION1,FIELCCS,2028,0.0,0.0
REGION1,FIELCCS,2029,0.0,0.0
REGION1,FIELCCS,2030,0.0,0.0
REGION1,FIELCCS,2031,0.0,0.0
REGION1,FIELCCS,2032,0.0,0.0
REGION1,FIELCCS,2033,0.0,0.0
REGION1,FIELCCS,2034,0.0,0.0
REGION1,FIELCCS,2035,0.0053,2.43
REGION1,FIELCCS,2036,0.011,5.07
REGION1,FIELCCS,2037,0.0195,9.06
REGION1,FIELCCS,2038,0.0308,14.62
REGION1,FIELCCS,2039,0.0408,19.57
REGION1,FIELCCS,2040,0.0461,22.23
REGION1,FIELCCS,2041,0.0568,27.57
REGION1,FIELCCS,2042,0.0593,28.99
REGION1,FIELCCS,2043,0.067,32.93
REGION1,FIELCCS,2044,0.0745,36.87
REGION1,FIELCCS,2045,0.0842,43.47
REGION1,FIELCCS,2046,0.0819,43.47
REGION1,FIELCCS,2047,0.0914,49.21
REGION1,FIELCCS,2048,0.0996,54.96
REGION1,FIELCCS,2049,0.1089,60.69
REGION1,FIELCCS,2050,0.1176,66.16
REGION1,FIELCCS,2051,0.1184,66.67
REGION1,FIELCCS,2052,0.1198,67.53
REGION1,FIELCCS,2053,0.1199,67.6
REGION1,FIELCCS,2054,0.1199,67.6
REGION1,FIELCCS,2055,0.12,67.6
REGION1,FIELCCS,2056,0.12,67.6
REGION1,FIELCCS,2057,0.12,67.6
REGION1,FIELCCS,2058,0.1202,67.6
REGION1,FIELCCS,2059,0.1202,67.6
REGION1,FIELCCS,2060,0.1203,67.6
REGION1,NOELCCS,2015,0.0,0.0
REGION1,NOELCCS,2016,0.0,0.0
REGION1,NOELCCS,2017,0.0,0.0
REGION1,NOELCCS,2018,0.0,0.0
REGION1,NOELCCS,2019,0.0,0.0
REGION1,NOELCCS,2020,0.0,0.0
REGION1,NOELCCS,2021,0.0,0.0
REGION1,NOELCCS,2022,0.0,0.0
REGION1,NOELCCS,2023,0.0,0.0
REGION1,NOELCCS,2024,0.0,0.0
REGION1,NOELCCS,2025,0.0,0.0
REGION1,NOELCCS,2026,0.0,0.0
REGION1,NOELCCS,2027,0.0,0.0
REGION1,NOELCCS,2028,0.0,0.0
REGION1,NOELCCS,2029,0.0,0.0
REGION1,NOELCCS,2030,0.0,0.0
REGION1,NOELCCS,2031,0.0,0.0
REGION1,NOELCCS,2032,0.0,0.0
REGION1,NOELCCS,2033,0.0,0.0
REGION1,NOELCCS,2034,0.0,0.0
REGION1,NOELCCS,2035,0.0,0.0
REGION1,NOELCCS,2036,0.0,0.0
REGION1,NOELCCS,2037,0.0,0.0
REGION1,NOELCCS,2038,0.0,0.0
REGION1,NOELCCS,2039,0.0,0.0
REGION1,NOELCCS,2040,0.0,0.0
REGION1,NOELCCS,2041,0.0,0.0
REGION1,NOELCCS,2042,0.0,0.0
REGION1,NOELCCS,2043,0.0,0.0
REGION1,NOELCCS,2044,0.0,0.0
REGION1,NOELCCS,2045,0.0,0.0
REGION1,NOELCCS,2046,0.0,0.0
REGION1,NOELCCS,2047,0.0,0.0
REGION1,NOELCCS,2048,0.0,0.0
REGION1,NOELCCS,2049,0.0,0.0
REGION1,NOELCCS,2050,0.0,0.0
REGION1,NOELCCS,2051,0.0,0.0
REGION1,NOELCCS,2052,0.0,0.0
REGION1,NOELCCS,2053,0.0,0.0
REGION1,NOELCCS,2054,0.0,0.0
REGION1,NOELCCS,2055,0.0,0.0
REGION1,NOELCCS,2056,0.0,0.0
REGION1,NOELCCS,2057,0.0,0.0
REGION1,NOELCCS,2058,0.0,0.0
REGION1,NOELCCS,2059,0.0,0.0
REGION1,NOELCCS,2060,0.0,0.0
REGION1,SEELCCS,2015,0.0,0.0
REGION1,SEELCCS,2016,0.0,0.0
REGION1,SEELCCS,2017,0.0,0.0
REGION1,SEELCCS,2018,0.0,0.0
REGION1,SEELCCS,2019,0.0,0.0
REGION1,SEELCCS,2020,0.0,0.0
REGION1,SEELCCS,2021,0.0,0.0
REGION1,SEELCCS,2022,0.0,0.0
REGION1,SEELCCS,2023,0.0,0.0
REGION1,SEELCCS,2024,0.0,0.0
REGION1,SEELCCS,2025,0.0,0.0
REGION1,SEELCCS,2026,0.0,0.0
REGION1,SEELCCS,2027,0.0,0.0
REGION1,SEELCCS,2028,0.0,0.0
REGION1,SEELCCS,2029,0.0,0.0
REGION1,SEELCCS,2030,0.0,0.0
REGION1,SEELCCS,2031,0.0,0.0
REGION1,SEELCCS,2032,0.0,0.0
REGION1,SEELCCS,2033,0.0,0.0
REGION1,SEELCCS,2034,0.0,0.0
REGION1,SEELCCS,2035,0.0,0.0
REGION1,SEELCCS,2036,0.0036,2.4
REGION1,SEELCCS,2037,0.0042,2.89
REGION1,SEELCCS,2038,0.0041,2.89
REGION1,SEELCCS,2039,0.0042,3.0
REGION1,SEELCCS,2040,0.0077,5.63
REGION1,SEELCCS,2041,0.0078,5.63
REGION1,SEELCCS,2042,0.0075,5.63
REGION1,SEELCCS,2043,0.0075,5.63
REGION1,SEELCCS,2044,0.0073,5.63
REGION1,SEELCCS,2045,0.0074,5.63
REGION1,SEELCCS,2046,0.0071,5.63
REGION1,SEELCCS,2047,0.0069,5.63
REGION1,SEELCCS,2048,0.0067,5.63
REGION1,SEELCCS,2049,0.0065,5.63
REGION1,SEELCCS,2050,0.0063,5.63
REGION1,SEELCCS,2051,0.0063,5.63
REGION1,SEELCCS,2052,0.0062,5.63
REGION1,SEELCCS,2053,0.0062,5.63
REGION1,SEELCCS,2054,0.0061,5.63
REGION1,SEELCCS,2055,0.006,5.63
REGION1,SEELCCS,2056,0.006,5.63
REGION1,SEELCCS,2057,0.006,5.63
REGION1,SEELCCS,2058,0.0059,5.63
REGION1,SEELCCS,2059,0.0058,5.63
REGION1,SEELCCS,2060,0.0058,5.63
